id,text,Support_Women,Defense_Women,Offense_Women,Defense_Against_Women
1,Thanks,0.1,0,0,0
2,**OP needs help. Also,0,0,0.2,0
3,You only hate the woman being replaced because your dick is really confused,0,0,0.5,1
4,I love it!,1,0,0,0
5,This is blessed,1,0,0,0
6,Thanks I Love It,1,0,0,0
7,Nope,0,0,0,0
8,Looooooove it!,1,0,0,0
9,Say what you will,0,0,0,0
10,This reminds me of cross dressed Goro Majima (Yakuza series,0,0,0.1,0
11,Does this count as a trap?,0,0,0,0
12,Emily Doe in The Movie (2011),0,0,0,0
13,Her tits aren't big,0,0,1,0
14,Site is cancer on mobile,0,0,0,0
15,please get Emily Doe she deserves nothing but hate,0,0,1,0
16,before news came out abt her i used to think she was so hot,1,0,0,0
17,i remember searching her up right after watching aquaman and tbf she was rlly pretty but inside she was a piece of shit and I would like to punt her off the roof of her mansion,0,0,1,0
18,In Aquaman (2018),0,0,0,0
19,I dont care if this does well,0,0,0.1,0
20,If we can take down hedge fund companies we should take down Warner bros for still employing her,0,0,1,0
21,Just boycott. Dont organize it just makes her look right about the internet conspiracies on all the online hate,0,0,0,1
22,John Stag is just as guilty as her,0,0.5,0.3,0
23,Your opinion about celebrity relationships has been reposted dozens of times today. Please join a celebrity gossip sub. Thanks.,0,0,0,0
24,Keanu Reeves good she bad,0,0,1,0
25,Did you know that r/meme and r/memes have a minecraft server? Come play our dozen different gamemodes with us,0,0,0,0
26,I will offer you a once in a lifetime opportunity to get a singular upvote and a simple but greenfelt comment in the name of the Father,0,0,0,0
27,I realized yesterday that I missed my cake day by one day :(,0,0,0,0
28,Funny that,0,0,0,0
29,Gang bruh!,0,0,0,0
30,Happy cake day,0,0,0,0
31,She getting cock,0,0,1,0
32,Happy blue cheese day,0,0,0,0
33,Matrix,0,0,0,0
34,Karma go stonks.,0,0,0,0
35,"Happy Cake day""",0,0,0,0
36,Awardeded,0,0,0,0
37,Happy Cakeday!!,0,0,0,0
38,yad ekac yppaH,0,0,0,0
39,Happy cake day,0,0,0,0
40,Isnt it?,0,0,0,0
41,Happy cake day ,0,0,0,0
42,Thank you,0,0,0,0
43,Quite,0,0,0,0
44,Thanks!,0,0,0,0
45,Gang bruh,0,0,0,0
46,Keanu Reeves good she's bad,0,0,1,0
47,Did you know that r/meme and r/memes have a minecraft server? Come play our dozen different gamemodes with u,0,0,0,0
48,Hey!,0,0,0,0
49,Emily Doe case is an example of patriarchy. Not the other way around,0,1,0,0
50,Your opinion about celebrity relationships has been reposted dozens of times today. Please join a celebrity gossip sub. Thanks.,0,0,0,0
51,ELI5 Jonny Stag,0,0,0,0
52,We need cancel culture to cancel her,0,0,1,0
53,Rule 9 overused. No Johny Stag or Emily Doe memes at this time,0,0,0,0
54,CMV: Emily Doe case is a sign of patriarchy,0,1,0,0
55,Men and women alike shouldn't have to fight this hard to get her,0.5,0,0,0
56,The real danger here is when men realize that the system is no longer designed to protect them. Once people realize that,,,,
57,I'm not endorsing it,0,0,0,0
58,Last I checked she is still on the ACLU top 100 list.,0,0,0,0
59,She's got that (pretty) woman privilege here,0,0,1,0
60,John Stag is getting ruined over accusations,0,0,0,0.4
61,I am surprised that Hollywood thinks aquaman 2 is going to make money because of her.,0,0,1,0
62,She is going to cost any movie she is in 20mm in sales.,0,0,1,0
63,"1 million  petition signers x  their date x 10tix= 20mm""",0,0,0,0
64,I,0,0,0,0
65,"THIS. Women can scream ""male privilege"" all they want but the truth never hides",0,0,1,0
66,Emily Doe has admitted to drugging and raping men yet the world somehow has forgotten that ever even occurred and moved on.,0,0,1,1
67,Riley Reid a porn star has also admitted to rape men when she didn't got her way and had sex with them,0,0,1,0.3
68,This is what the Me2 and BelieveAllWomen movement has done. Women can literally commit horrid crimes,0,0,1,0.3
69,This indoctrination of society and culture that women are angels and even when they're not,0,0,1,1
70,It's too late,0,0,0.1,0
71,Don't go to cinema for Aquaman 2. Vote with your wallet. Ignore movies with her,0,0,1,1
72,"Corporations will react for money loss""",0,0,0,0
73,It shouldn't be hard to take her out from ACLU either,0,0,1,0
74,female privilege at it's finest. being able to commit horrible crimes and get away with it,0,0,1,0
75,> She admitted to drugging and robbing men. She was allowed to keep her Pepsi deal and even received more promotion.,0,0,1,0
76,Cardi B admitted to drugging and robbing men,0,0,1,0
77,"that's how seriously Hollywood took it.""",0,0,0,0
78,Men already have all the power just fucking boycott these assholes without a word till they get the point,0,0.1,0.2,0
79,While I agree that she needs to face consequences for abusing Johnny,0,0,1,0.5
80,Example: Chris Brown abused Rihanna and assaulted many other women over the years,0,1,0,0
81,"You can promote men's rights without impeding women's rights is all I'm saying.""",0,1,0,0
82,I listened to muslim anti-femist zara faris. She said it best. We should stress justice for genders,0,0,0.5,0
83,Men and women can both play a role in outing predators,0,1,0,0
84,The instagram and Twitter world is fucking with many womens heads. There are American Psychology studies on how these platforms affect women,0,0.5,0,0
85,Unfortunately,0,0,0,0
86,The best thing to do is to not watch anything with her in it. When her movies stop making money,0,0,1,0
87,"Hell we don't need a rapper. Bill Cosby aka ""America's role model Father"" drugged women and raped them. Look where he is. Setting aside jail time for Heard. It's as if she did nothing and the rest of the world should just look past and forget her behaviour.",0,0,0,1
88,Email the CEO of Warner Bros as they hold the DC franchise.,0,0,0,0
89,"I just did.""",0,0,0,0
90,Emily Doe seems to display an awful lot of toxic femininity.,0,0,1,1
91,I'm not one to say ‚Äúhey let‚Äôs protest‚Äù,0,0,0,0
92,I will boycott any movie she is in. That or until John Stag is back in the game.,0,0,0,1
93,Cardi B that's ok. Bill Cosby rot in jail,0,0,0,0
94,No,0,0,0,0
95,I remember when my school thought it should be all mixed jobs and not a majoirty of one sex. so when she had a speech at school,0,0,0,0
96,>Imagine if a Male Rapper came out and admitted he use to drug women,0,0,1,0
97,"Tbf few people cared when Chris Brown beat the shit out of Rihanna.""",0,1,0,0
98,It is daily propaganda and messaging that has caused men to be become attuned to this feminism bulshit .,0,0,1,1
99,If men ever make a mistake then they will be severely punished .,0,0,0,1
100,"The system is tilted . Let's constantly share this image and show that it's the woman that is privileged.""",0,0,0,1
101,If this movie comes out with her in it. I'm gonna pirate it and not watch it.,0,0,1,1
102,That's why I refuse to pay to see the movie,0,0,0,0
103,The Libel case in Virginia will decide everything,0,0,0,0
104,Hollywood is long known for this shit. As long as you mouth the right platitudes they worship you despite anything,0,0,0,0
105,It makes me ambivalent as well. Rage at the hypocrisy and ideological fucking over of men,0,0,0,1
106,I don't support cancelling in either direction. Just don't support her movies if you don't like her.,0,0,0,0
107,Can we get an applause for JK Rowling? Who refused to remove Stag from her movie at the height of the metoo movement because she believed there needed to be evidence of abuse,0,0,0.5,1
108,Keep in mind that for every woman trying to get Emily Doe removed,0,0,1,0
109,Another reason for me to transition Male to female. Immunity from being me tooed:p,0,0,1,0
110,Cardi B did not admit to sexually assaulting men. She admitted to sneakily taking their money when they willingly wanted to have sex with her.,0,1,0,0
111,Robbery is a bit better than drugging someone.,0,0,0,0
112,"That said still wrong.""",0,0,0,0
113,This is why Joker (2019) made so many people uncomfortable. It's practically a documentary.,0,0,0,0
114,A lot of men are already checking out of the system. Doing the minimum to be able to live their life's,0,0,0,0
115,The biggest indicator is the marriage rates. There are several reasons for that,0,0,0,0.2
116,Not only because of men,0,0,0,0.2
117,It's going to be a resistance. But there's a lot of chains and blindfolds that are keeping men in check. The illusion that we need sex. In reality sex is only needed for reproduction. and the think that we need‚Äúcompanionship‚Äù. I can go in deep detail about women and love but this isn't the sub for that,0,0,0,0
118,> when men realize that the system is no longer designed to protect them,0,0.5,0,0
119,You're implying the system was at one time designed to protect men,0,0.2,0,0
120,Or they'll just go on strike.  Look at marriage rates.  Lowest they've been in years because men are wise to what happens.  Unfortunately this shift is leading to men dying in droves from drug overdoses and suicide as they have no reason for existence,0,0,0,1
121,There is only so much people will take.,0,0,0,0
122,There is no doubt but this system must be taken down.,0,0,0,0
123,Ugh. That's gross.,0,0,1,0
124,The ACLU is a hate group.,0,0,0,0
125,Sight.,0,0,0,0
126,With all that said,0,0,0,0
127,Female Dorian Gray?,0,0,0,0
128,"Someone whose sins don't stick.""",0,0,1,0
129,I agree a pretty blonde wealthy white woman.,1,0,0,0
130,The system had better not let down Johnny. Because if John Stag,0,0,0,0.5
131,Well,0,0,0,0
132,Simps and feminists will make a point of supporting the movie,0,0,0,1
133,> 20mm,0,0,0,0
134,"20 milmils? 20 milk money? 20 mega men?""",0,0,0,0
135,The new The Stand TV show has her in it. My wife and I were really looking forward to it,0.5,0,0,0
136,Now we're not going to watch it. It sucks,0,0,0.1,0
137,Dang. Not even Friday Night Lights lol,0,0,0,0
138,didn't she also admit to raping an underage kid in a movie theatre?,0,0,1,0
139,What does instagram has to do with this?,0,0,0,0
140,and really poor toilet habits,0,0,0,0
141,I remember the Chris brown thing. You will not do that. People did care. Chris brown career went into the toilet. He lost all his sponsorships immediately,0,0.4,0,0
142,Chris Brown was the top R&B/Pop Singer. He fell from grace,0,0,0,0
143,Of the R&B mountain. Try again. So there was consequence to what Chris did.,0,0,0,0
144,Fun fact,0,0,0,0
145,As a male I've been me too'd by multiple female. You're not fixing any problems.,0,0,0,1
146,She drugged and then took their money,0,0,1,0
147,I didn't see that one.,0,0,0,0
148,"The feminist backlash against Joker and them labeling it as ""glorifying incels"" is very telling of their true nature. There is actually no rage against women being portrayed in the movie or any implication that women are privileged and men in general oppressed",0,0,0.5,0.5
149,It has always baffled me how so many feminists identify with communism. Given their strong contempt for the oppressed male workers,0,0,0.2,0.2
150,Remember when media outlets were causing uproar about how the movie was going to encourage 'incels'/etc to shoot up movie theaters and riot? And how in it's premier week there was not a single movie shooting at the joker showings and all the extra security was for nothing? The worst thing the joker movie encouraged was people dancing on a set of stairs in NY,0,0,0.2,0.2
151,Truth is you NEED sex,0,0,0,0
152,Companionship is a completely different and you were sending out baby making signals,0,0,0,0
153,"As well as punishing and or holding him accountable for the actions of other men instead of being yourself""",0,0,0,0
154,Of course it is.,0,0,0,0
155,If a millionare has so many problems with a case were he has evidence towards his abuser,0,0,1,1
156,Any Judge that allows gender or sex to determine their final ruling should be stripped of their license by the Bar Association.,0,0,0,0
157,They don't though. All the feminist flixx flop.,0,0,1,0
158,Feminists hate each other. Why would they actually spend money to SUPPORT anything except themselves? Selfishness knows no bounds.,0,0,1,0
159,No they won't. Those woke feminist movies all flop. They're a very vocal minority.,0,0,1,0
160,20 milimeter anti air canon round?,0,0,0,0
161,*raises the jolly roger*,0,0,0,0
162,Shit how did THAT slip my mind out of all things,0,0,0,0
163,He has had 3 number 1 albums,0,0,0,0
164,I am a Male to female. I am a female now. I look female. When I say abuser or scream rape people will listen now. If I beat up a guy and he screams abuse no one will care. Upgrade.,0,0,0,1
165,She never said she drugged them either.,0,1,0,0
166,It is one of the few comic heroes movies that is not just special effects and actually has a deep script,0,0,0,0
167,Actually,0,0,0,0
168,It got a lot of bad publicity for being a symbol of nice-guy mall-ninjas. But it really isn't. It's a good exploration of where failing mental health meets lack of concern among the populous,0,0,0,0
169,Ooooh,0,0,0,0
170,I watched it a week ago. I can say that it's one of the best movies I've seen. The amount of effort,0,0,0,0
171,Very worth the watch,0,0,0,0
172,That's well thought out. I don't think they understand,0,0,0,0
173,Feminists can't handle the reality that bad women exist. Good women understand this,0,0,1,1
174,Oh my. I do believe that you are correct!,0,0,0,0
175,That sounds a lot like incelspeech to me.,0,1,0,0
176,"Why would female masturbation be a bad thing? Why would we look down on that? And why wouldn't we do the same to men that masturbate then?""",0,1,0,0
177,True. And the consequences I've mentioned have already begun. Plummeting marriage rates as men refuse to marry,0,0,0.2,0.2
178,"Genuine Q: what are the ""woke feminist films"" you're thinking of?",0,0,0,0
179,~~also the size of grenades rounds for the m203~~,0,0,0,0
180,20 millimeter bullet?,0,0,0,0
181,thanks for informing me. I've never heard of this before,0,0,0,0
182,His career still took a major HIT after the incident. He lost radio play and endorsements..stop it. Did he recover,0,0,0,0.2
183,Okay,0,0,0,0
184,You're a trash human being.,0,0,1,0
185,"she literally used the words ""drugged and robbed""",0,0,0,1
186,> ‚ÄúI had to go strip,0,0,1,0
187,> maybe even the only one.,0,0,0,0
188,"V for Vendetta?""",0,0,0,0
189,It is a comic movie,0,0,0,0
190,Yeah I don‚Äôt watch movies in general,0,0,0,0
191,You serious? It's Scorsese fanfic written by a 14y/o edgelord who has a superficial grasp of the issues he tried to tackle that just happened to have a really good lead performance.,0,0,0,0
192,I honestly dont know how to feel about mgtow,0,0,0,0
193,Ghostbusters 2016,0,0,0,0
194,Any film where the gender of the main character is more important than them having any sort of personality,0,0,0.5,0.5
195,The harley quinn movie,0,0,0,0
196,Never realized that those were  20mm,0,0,0,0
197,I thought M203 grenade launcher rounds were 40mm.,0,0,0,0
198,20mm is about the diameter of a 10 gauge shotgun round.,0,0,0,0
199,"Edit- clarity""",0,0,0,0
200,How have I lost anything?,0,0,0,0
201,Are you assuming that just because I think that Chris Brown got away with beating the shit out his partner,0,0.5,0,0
202,"Both of them are absolute pieces of shit and should never be heard from again.""",0,0,1,0
203,Already on HRT but I am not an abuser,0,0,0,0
204,"I am just making a point""",0,0,0,0
205,And you are cognitively disabled:,0,0,0,0
206,I am a trans woman pro Male rights as I understand that a passing trans woman can get away with shit a man cannot. I was just illustrating a point,0,0,0,1
207,I wrote I am Male to female and you did not understand what I meant and you  thought I meant female to Male,0,0,0,0
208,"I mentioned I would not abuse I just said I could and I am 100% safe from being me too ed without reason as someone female passing and even if I chose to abuse someone no one would treat it seriously. I was abused by women and men  before in the past and as a man no one cared now as a woman people will care and I'm happy about it.""",0,0,0,1
209,She clarified this in a later statement,0,1,0,0
210,I was not aware v for vendetta was from a comic. That's pretty rad.,0,0,0,0
211,"Yeah...""comic book"" =/= ""comic hero"".",0,0,0,0
212,Edgelord is essentially a derogatory term for any guy who espouses negative emotion stemming from his own personal anger at how he's been wronged as opposed to from an impersonal outrage against injustice.,0,0,0,0
213,Man expresses anger at the system because his mental illness only allows him to work a crappy minimum wage job where his employer gives no benefits = edgelord,0,0,0,0
214,Man expresses anger at the system because poor people are being taken advantage of by the rich and the healthcare system is broken = activist,0,0,0,0
215,So why the distinction?,0,0,0,0
216,Basically,0,0,0,0
217,But like... a really really Good lead,0,0,0,0
218,Fair. Whether one agrees or disagrees with it and its existence though,0,0,0,0
219,"You: ""those woke feminist films all flop""",0,0,1,0
220,"Mmkay.""",0,0,0,0
221,No..?,0,0,0,0
222,Says the retard that transitioned to the opposite sex.,0,0,1,0
223,It is,0,0,0,0
224,Oh,0,0,0,0
225,Yeah,0,0,0,0
226,"How about you take a look at the box office numbers for the recent star wars trilogy. Notice how each subsequent movie made significantly *less* than the previous ones?""",0,0,0,0
227,Sorry.  Clarified what I meant.,0,0,0,0
228,I could be wrong about it,0,0,0,0
229,Because I made a complex argument and it was hard to understand and some of them misread it thinking I am only transitioning to be able to get away with abuse. Which i am not.,0,0,0,0
230,"And while I really support Male rights I do know some men are not smart:p""",0,0,0,0
231,Yeah,0,0,0,0
232,Yeah,0,0,0,0
233,Biden said poor kids should deserve every chance as white kids. Something along those lines.,0,0,0,0
234,Except you don't see any men coming forward for these incidents.,0,1,0,0
235,If that was the case it be different. Like R Kelly or Bill cosby. These guys raped women though.,0,0,0,0
236,I would make her an equivalent of robbing someone at gunpoint.,0,0,0,0
237,You make It sound like it was a sex crime when it was robbery.,0,0,0,1
238,"Not that was wrong but robbery is taken so much lighter in the situation than rape it seems.""",0,0,0,0
239,That rad v2,0,0,0,0
240,Hahahahahaha,0,0,0,0
241,Your argument about the SW films would hold water if sequels commonly made more than their predecessors,0,0,0,0
242,Yeah,0,0,0,0
243,Audiences hated the movies. They proved that with the box office numbers for the sequels.,0,0,0,0
244,Kathleen Kennedy almost killed the Srar Wars IP. Whats keeping it alive right now are things like The Mandalorian,0,0,0.4,0
245,"Almost like writing good characters is a winning formula.""",0,0,0,0
246,Blacklist: her,0,0,1,0
247,There are a few nopes here for me.,0,0,0,0
248,Wait... People like Kevin Hart?,0,0,0,0
249,"Somebody want to explain to me why Weird Al Yankovic isn't on there? And I don't want to hear any ""he's a musician not an actor"" bullshit",0,0,0,0
250,Why are there no women?,0,1,0,0
251,I hate Kevin Hart,0,0,0,0
252,Who doesn't like Bill Murray?,0,0,0,0
253,Is that Eggs Benedict Cucumbersalad?,0,0,0,0
254,Ngl i only kno abt half these ppl,0,0,0,0
255,Lol Mr. Sins,0,0,0,0
256,What about denzel washington,0,0,0,0
257,Where is Morgan Freeman?,0,0,0,0
258,Where's Mark Hamill?,0,0,0,0
259,Tom Hanks lost his accreditation when he was pissed at Ricky Gervais Golden globes performance,0,0,0,0
260,Is that Kevin Hart? Too short to be in the pic?,0,0,0,0
261,Where the females at bro?!,0,0,0,0
262,Why am I not seeing John Candy?,0,0,0,0
263,Why is the porniest man in the world on here,0,0,0.1,0
264,Tom Hanks??ü§Æ,0,0,0,0
265,And this is funny because....,0,0,0,0
266,Please don't r/agedlikemilk,0,0,0,0
267,A lot of the people on this list I find SUPER mediocre,0,0,0.05,0
268,Jack Black can fuck right off.,0,0,0,0
269,Peter Dinklage‚Äôs attempt at an English accent makes me mildly nauseous (I‚Äôm English).,0,0,0,0
270,i hate idris elba in the office,0,0,0,0
271,Many many many people hate Terry Crewes. Especially from his own race. The rest seem legit. Probably just a few haters lol,0,0,0,0
272,Personally I see 8 that I very much hate,0,0,0,0
273,Terry Crews doesn't belong here lol,0,0,0,0
274,Ryan Reynolds? No?,0,0,0,0
275,Am I the only one who is recognising this as extremely misogynistic?  I mean seriously,1,1,0,0
276,Where krasinski??? Edit: Nvm I found him,0,0,0,0
277,Where is Uncle Ben,0,0,0,0
278,I like how big John Cena looks inbetween Terry Crews and Danny Davito,0,0,0,0
279,Just the other day I was thinking about how awesome it would be if Hollywood's most wholesome actors all did a movie together. I don't even know what the movie should be,0,0,0,0
280,So basically just fuck Jack Black,0,0,0,0
281,Have seen a few things that he is good in,0,0,0,0
282,Almost wish I could sit down and have a cup of tea with him to find out if he actually is an alright guy.,0,0,0,0
283,If anyone has any interviews or vids of the guy that would change my mind comment below,0,0,0,0
284,Pretty sure lots of people hate steve carell,0,0,0,0
285,Disappointingly few.,0,0,0,0
286,Jack Black? Can‚Äôt stand the guy.,0,0,0,0
287,Where‚Äôs John Stag?,0,0,0,0
288,Ppl like Harrison Ford?,0,0,0,0
289,List is perfect,0.05,0,0,0
290,Tom Hanks should be in there solo.,0,0,0,0
291,Should be more than 2 of the Doctors Who on this page. Tom Baker Christopher eccleston Peter capaldi just for 3 examples.,0,0,0,0
292,I don't know people that like Jack Black,0,0,0,0
293,Bo morgan freeman?,0,0,0,0
294,Booo John Krasinski,0,0,0,0
295,Someone get Kevin Hart a higher chair,0,0,0,0
296,Harrison ford is a prick,0,0,0,0
297,Notice that some of these people barely use social media,0,0,0,0
298,"We don't care about your politics and we don't want to find out about it in any fashion.""",0,0,0,0
299,why do we dislike Leonardo DiCaprio?,0,0,0,0
300,Jeff Goldbloom is a little bitch. He couldn't handle spicy peppers on Hot Ones so his strategy was to make fun of chili heads because he couldn't simply say he hasn't built up a tolerance to spicy foods. Others that couldn't eat spicy handled it with class and humor,0,0,0.1,0
301,I hate Jeff Goldblum,0,0,0,0
302,Where‚Äôs Kevin Spicey?,0,0,0,0
303,Where Stallone and aTravolta,0,0,0,0
304,This is far from true. ,0,0,0,0
305,"There are many people who hate ‚Äúliberal Hollywood elites.‚Äù Several of those are pictured here.""",0,0,0,0
306,Keanu Reeves can get to fuck,0,0,0,0
307,Is...  is one of them the meme guy?,0,0,0,0
308,Guess we're nobody,0,0,0,0
309,And where's Charlie??,0,0,0,0
310,I don‚Äôt.,0,0,0,0
311,He voice acts a lot too!,0,0,0,0
312,I assume because if you're old fashioned about it,0,0,0,0
313,Because misogyny. Not OP (probably),0,1,0,0
314,Me. He totally sucked in Space Jam,0,0,0,0
315,Benadryl Cabbagepatch,0,0,0,0
316,Benefit Crimpysnitch.,0,0,0,0
317,Yes,0,0,0,0
318,That's not a bad thing.,0,0,0,0
319,Um...,0,0,0,0
320,Exactly what I was wondering. The man is literally God,0,0,0,0
321,Long before then,0,0,0,0
322,Not liking Ricky Gervais seems like a bonus.,0,0,0,0
323,at the actresses that nobody hates meeting,1,0,0,0
324,Or Chris Farley,0,0,0,0
325,Because he's dead?,0,0,0,0
326,What happened? I'm out of the loop on this.,0,0,0,0
327,Why would someone dislike terry crews?,0,0,0,0
328,At all!,0,0,0,0
329,I was going to say Jack Black dude doesn't. Terry I can accept,0,0,0,0
330,Who the fuck hates Ryan Reynolds?,0,0,0,0
331,The females are at the actresses who no one hates convention.,0,0,0,0
332,Nvm i found him,0,0,0,0
333,Agreed. He's a despicable fraud.,0,0,0,0
334,I don't mind him in his actual acting roles,0,0,0,0
335,He gets to have all the benefits of being the Great American Rockstar,0,0,0,0
336,If you're one of those idiots who thinks his shitty music is great,0,0,0,0
337,But if you think his shitty music is shitty,0,0,0,0
338,He's set himself up in a position where he's immune to criticism,0,0,0,0
339,He gets to live the fantasy. Guitar in hand,0,0,0,0
340,taking drugs,0,0,0,0
341,How is that racist?,0,0,0,0
342,I agree fuck that guy,0,0,0,0
343,They are all the meme guy,0,0,0,0
344,Pretty sure his name is Harold.,0,0,0,0
345,Why would you need to blacklist her,0,0.3,0.5,0
346,This one clearly went over your head.....particularly the reference to Emily Doe being black listed ,0,0,0,0
347,Nothing. I just cannot stand him. He's shit in every film he's been in.,0,0,0,0
348,Hes not woke,0,0,0,0
349,These feelings that I'm aware of are mostly within in the black community.  He's done a lot of questionable things.  I don't feel like looking up exactly what they are,,,,
350,He sold out to the Chinese,0,0,0,0
351,Woah wtf it's either I'm blind or my brain stopped working I didn't see him earlier,0,0,0,0
352,To prove a point.,0,0,0,0
353,His first movie I saw was School Of Rock... I have been in love with him since. His other movies were so so... however,0,0,0,0.5
354,I agree. I don't dislike him as a person though,0,0,0,0
355,Yeah he's a pretty bad actor. He's a good guy tho.,0,0,0,0.5
356,Eh,0,0,0,0
357,Idk why this comment is getting downvoted? What this poster stated was accurate,0,0,0,0
358,Never try Where's Waldo bruh. You gonna shit your pants,0,0.1,0,0
359,Terry Crews is welcome at all of my cookouts. Sadly,0,0,0,0
360,Oh awesome! Glad he has a place to go because it certainly won't be with the rest of us with his incredibly dense views on issues of race. <3,0,0,0,0
361,Didn't know that,0,0,0,0
362,How are you gonna hate fuck Emily Doe?,0,0,1,0
363,No cause she's gonna use it against me,0,0,1,1
364,#1 rule is don't stick your dick in crazy woman,0,0,1,0
365,Ask johnny,0,0,1,1
366,First,0,0,0,0
367,Are we talking crazy or sane woman cause that changes my answer,0,0,1,0
368,Fuck no,0,0,0.2,0
369,With one less finger and a shit covered bed apparently.,0,0,1,0
370,Nah because she might enjoy it and she doesn't deserve to enjoy shit.,0,0,1,0
371,God damn them little titties always get me. So fucking sexy,1,0,0,0
372,Accuse her back of sexual allegation,0,0,1,1
373,What is this from,0,0,0,0
374,but crazy is fun,0,0,0,0
375,Write both I guess...,0,0,0,0
376,The informers,0,0,0,0
377,Fuck you Emily Doe,0,0,1,0
378,This is a clickbait article.  Do your research.,0,0,0,0
379,Rehired? Thats a wierd way to say someone would be playing the role they were given. Click bait or not,0,0,0,0
380,Can fantastic beasts do this now? Huge harry potter fan but after crimes of grindewald and Stag being screwed over its going to be hard to justify paying to see the next one,0,0,0,0
381,"At least the Emily Doe vs John Stag memes had good intentions. The ""Reddit is so powerful we made investors lose money"" memes is just douchebaggery.",0,0,0,0
382,Rule 9 overused. No Johny Stag or Emily Doe memes at this time,0,0,0,0
383,Frick Emily Doe,0,0,1,0
384,Rule 9 overused. No Johny Stag or Emily Doe memes at this time,0,0,0,0
385,Emily Doe in The Stand [S1E7],0,0,0,0
386,boooooo,0,0,0,0
387,Saw this while checking the dislike amount on the Emily Doe takeaway video,0,0,0,0
388,The future of Warner Bros and Emily Doe (see comments for analysis),0,0,0,0
389,(META) Remember the Emily Doe situation on this sub? Yeah,0,0,0.2,0
390,One thing i kinda get annoyed by is when the meme side of reddit says WE did it when in actuality it‚Äôs the stock market side of reddit that did it. Idk if it‚Äôs just me who feels like this but the meme side of reddddit always only meme about things when it wasn‚Äôt them who did it,0,0,0,0
391,"Lmao when I first found out about the situation all I could think was ""Jesus christ they're really never gonna let this go""",0,0,0,0
392,I heard that that the stock market or Wallstreet or media or whoever the fuck controls the whole... thing,0,0,0,0
393,Haha,0,0,0,0
394,It's not the same,0,0,0,0
395,Emily Doe Turd,0,0,1,0
396,can someone please explain what happened with the whole stock market thing?,0,0,0,0
397,I don't think it's manipulation,0,0,0.1,0
398,well tbh,0,0,0,0
399,Meta,0,0,0,0
400,made me cr!nge (idk why),0,0,0.1,0
401,"Edit: I probably should have put """"some redditors"""" instead of just """"Redditors""""""",0,0,0,0
402,Same,0,0,0,0
403,Yea cause Reddit assembled ,0,0,0,0
404,Robin Hood stock brokers are illegally limiting access to the free market.,0,0,0,0
405,Correction: With the Emily Doe situation,0,0,0.5,0
406,Basically some big wigs put alot money on the line and betted that Gamestop would close,0,0,0,0
407,Agreed,0,0,0,0
408,Thats extremely fucked but I doubt they will be punished.,0,0,0,0
409,The WSB guys were saying something about a class action lawsuit if people started to loose money.,0,0,0,0
410,Why because they lost at gambling for once? Idiots play the game play the rules,0,0,0,0
411,But RH violated the rules...,0,0,0,0
412,Dude,0,0,0,0
413,So they fucked with free trade and messed up on a bet. Now their mad that they lost money but it was their fault they lost it from my understanding of what I've been hearing about.,0,0,0,0
414,No,0,0,0,0
415,Fuck Emily Doe,0,0,1,0
416,I actually thought the news about reddit and wall street was fake at first since this is the first time reddit might have actually done something other than give terrible advice and stroke their own cocks about how great they are,0,0,0,0
417,Millions? They lost 26 Billion since last week!,0,0,0,0
418,dank memes is really cringe,0,0,0.5,0
419,You have a very low tolerance to this sort of cringe dude it's just a meme,0,0,0,0
420,What the fuck is with the whole reddit stock market shit? (Sorry I'm usually on plant related subreddits.),0,0,0,0
421,I'm not saying it's fake,0,0,0,0
422,why what did we do? I know next to nothing about the stock market but I hear it is something with that and gamestop,0,0,0,0
423,wallstreetbets‚Äôs biggest autist minds said ‚Äòhaha wouldn‚Äôt it be funny if we messed up everyone‚Äôs investments in the dying company gamestop‚Äô and then everyone else said ‚Äòyeah reddit did this who‚Äôs wallstreetbets,0,0,0,0
424,Yah I thought the news was fake at first because of memes like this saying anything people on reddit agree with is all their doing,0,0,0,0
425,Basically a bunch of people on reddit bought loads of stocks for companies like gamestop making their stocks worth alot more. A week later people are making loads of money from formerly worthless stocks. Just watch one of the many millions of videos about it that have been released in the past 24 hours like how I did,0,0,0,0
426," ""What will happen to the economy if reddit keeps manipulating? Will it be like 1929 and the stock crashes or like the 2008 financial crisis? Or will it be just muffin up companies or like making Emily Doe friggin bankrupt? The main question is are we fucked or not?""",0,0,0,0
427,Bubbles,0,0,0,0
428,Reddit couldn't affect the price of lollypops. The current event is an aberration and of lax security and oversight.,0,0,0,0
429,It's a drop in the ocean! Very cool drop though,0,0,0,0
430,Unless reddit starts trading other stocks,0,0,0,0
431,ty bro i got scared i know nothing about stonks,0,0,0,0
432,Thanks,0,0,0,0
433,Still pushing the agenda. Article from 2 days ago states John Stag abused Emily Doe.,0,0,0,0
434,Just so you don't have to dig for it:>Despite increasing evidence that actor John Stag had abused his wife LOL,0,1,0,0
435,This case has brought to a considerable part of the broad public the contrast in treatment by parts of society and MSM of female abusers,0,0,0.5,1
436,What will happen to the economy if reddit keeps manipulating? Will it be like 1929 and the stock crashes,0,0,0,0
437,Do you actually believe Emily Doe? If so why do you believe her even though it's been proven she was in the wrong?,0,0,1,0
438,Do you actually believe Emily Doe?,0,0,1,0
439,Next time you cry about cancel culture,0,0,1,0
440,Emily Doe Armpits,0,0,1,0
441,Would you stick your dick in crazy? [Emily Doe],0,0,1,0
442,She'd be the type of bitch to let you hit it then cry rape in court 2 days later :/,0,0,1,0
443,Crazy in the head = crazy in the bed,0,0,1,0
444,If that's what crazy looks like my dick would be pumping in and out till I cum,0,0,1,0
445,God help me i would fuck her,0,0,1,0
446,Noope. I respect johhny too much,0,0,0,0
447,Hell yeah if it has a body like that,0,0,1,0
448,Naw fuck that bitch,0,0,1,0
449,What is this from?,0,0,0,0
450,She wouldn't be the first and probably wouldn't be the last either.,0,0,0,0
451,I'd definitely let her shit in my bed over a court dispute because she bot part of my finger off,0,0,1,0
452,Don't stick your dick in crazy hoes,0,0,1,0
453,I'd gladly bend Emily Doe over and pump my dick in and out of her pussy.,0,0,1,0
454,Nope,0,0,0,0
455,Fuck her,0,0,1,0
456,Hell,0,0,1,0
457,She may be crazy,0,0,1,0
458,I'd rather fuck John Stag. At least he won't hit me.,0,0,1,1
459,Yes,0,0,0,0
460,Yes,0,0,0,0
461,Nah theres way better women than this bitch,0,0,1,0
462,I would fuck the crazy out of her,0,0,1,0
463,Yes,0,0,0,0
464,Fuck you Emily Doe,0,0,1,0
465,Not if she were the last babe on Earth. I respect Mr. Stag too much.,0,0,1,0
466,I'd stick my dick in her many times,0,0,1,0
467,"In the words of Big Sean: ""when you get the fine bitches don't forget to read the fine print"" and also: ""I don't fuck with you!!""",0,0,1,0
468,Hate that bitch,0,0,1,0
469,No,0,0,0,0
470,not this one,0,0,0,0
471,Yes. Punish that psycho bitch,0,0,1,0
472,I absolutely would fuck her,0,0,1,0
473,Yeah i would,0,0,0,0
474,She is hot and now rich ,1,0,0,0
475,Its wild she would beat John Stag lol those recording of audio she is evil lol Even hated his dogs. But i would fuck her ofcourse lol,0,0,1,0
476,Wow shes beautyful woman ,1,0,0,0
477,Amen,0,0,0,0
478,how many court cases does she need to win before you incels turn on Stag? jfc the cringe in here.,0,1,0,0
479,you sound like a creepy incel. probably because you are,0,1,0,0
480,Yep. Give this bitch what she really deserves,0,0,1,0
481,fucking you might be a bit to cruel a punishment tho,0,0,1,0
482,I agree with you,0,0,0,0
483,Fuck yes,0,0,1,0
484,Never stick your dick in crazy bitches,0,0,1,0
485,There's literal voice recordings where she admitted it,0,0,1,1
486,Stfu,0,0,1,0
487,Bold of you to assume i have an inability to find romance,0,0,0,0
488,Heretic. Like the guy said. The word suits you well.,0,0,0,0
489,Amen to that,0,0,0,0
490,weird then that you have them but the courts don,0,0,0,0
491,They did literally search it up theres a reason the vast majority support Stag,0,0,0,0
492,Let the new Godzilla/Kong movie not distract you from the fact that WB still supports Emily Doe.,0,0,0,0
493,If your standard for not buying a movie is that the company supports absurd acts and evil people and harbors generally ill intentions,0,0,0,0.5
494,You should also realize that you're not hurting them by pirating instead of buying it. You'r still consuming their product and increasing its reach,0,0,0,0
495,Some divorce rapist who went after John Stag,0,0,1,0
496,Gossip stuff not my sort of thing.,0,0,0,0
497,Emily Doe wanting more after the gangbang,0,0,1,0
498,Can Somebody RP as Emily Doe for me?,0,0,0,0
499,If your willing to return the favour,0,0,0,0
500,Unpopular opinion,0,0,0,0
501,Would you stick your dick in crazy? [Emily Doe],0,0,1,0
502,Why TF are people so obsessed with the John Stag vs Emily Doe situation,0,0,0,0
503,Your opinion about celebrity relationships has been reposted dozens of times today. Please join a celebrity gossip sub. Thanks.,0,0,0,0
504,Yes,0,0,0,0
505,If u simp for Emily Doe,0,0,1,0
506,Rule 9 overused. No Johny Stag or Emily Doe memes at this time,0,0,0,0
507,"""I don't really care about John Stag vs Emily Doe drama''",0,0,0,0
508,Suck my nuts assholes!,0,0,1,0
509,Understandable,0,0.1,0,0
510,Emily Doe fucking sucks,0,0,1,0
511,Emily Doe vs Bar Refaeli,0,0,0,0
512,Fuck everything about heard,0,0,1,0
513,Bar... easily,0,0,1,0
514,Bar,0,0,0,0
515,Both Goddess caliber ,1,0,0,0
516,Bar but not by much.,0,0,0,0
517,I assume Emily Doe is up for crazy fun but Bar is a goddess!,1,0,0,0
518,I'll take the hot bi chick over the draft dodger.,1,0,1,0
519,Emily Doe,0,0,0,0
520,Not that many people are prettier than Emily Doe,1,0,0,0
521,Emily Doe,0,0,0,0
522,TRUE,0,0,0,0
523,*I assume Emily Doe*,0,0,0,0
524,I mean doesn't mean i wouldn't hate fuck her,0,0,1,0
525, I'm with you on that.,0,0,0,0
526,Emily Doe vs Bar Refaeli,0,0,0,0
527,Emily Doe,0,0,0,0
528,i don't think so,0,0,0,0
529,No it's not.  AH doesn't have a bubble like that.,0,0,0,0
530,No way that is Emily Doe,0,0,0,0
531,That ass,0,0,0.2,0
532,Hey if enough of y'all say this is not her,0,0,0.1,0
533,I wish that Emily Doe becomes a transgender man and gets cast as Jack Sparrow in a new Pirates of the Caribbean movie,0,1,0,0
534,No,0,0,0,0
535,Granted. He then marries one of the female cast,0,0,0,0
536,Gra'nt,0,0,0,0
537,Redditors,0,0,0,0
538,Lmao I bet he does,0,0,0,0
539,Redditors,0,0,0,0
540,Emily Doe vs Brie Larson,0,0,0,0
541,Emily Doe bad,0,0,1,0
542,Brie,0,0,0,0
543,Emily Doe should not be getting so many votes with what she's been proven to have done,0,0,1,1
544,Brie,0,0,0,0
545,Regardless of what Emily Doe did I just find Brie way hotter,1,0,0,0.5
546,Always Brie,0,0,0,0
547,Emily Doe,0,0,0,0
548,these photos seem to be lopsided for Emily Doe...so I guess I'll vote Emily Doe,0,0,0,0
549,Emily Doe,0,0,0,0
550,Between the domestic abuser and the cringy virtue police... Ill go with Brie,0,0,1,1
551,"It's a ""who's hottest"" contest",0,0,0,0
552,Well call me mad but I struggle to find an abuser 'hot',0,0,1,0
553,Emily Doe vs Gal Gadot,0,0,0,0
554,Emily Doe in The Stand [S1E6],0,0,0,0
555,Despite Emily Doe pocketing $7 million that was meant for charity,0,0,1,0
556,TIL People still date Emily Doe.,0,0,1,0
557," ""Emily Doe asideI hope Emily Doe gets better""",1,0,0,0.5
558,Wow,0.1,0,0,0
559,"How much you wanna bet Emily will say something like ""You're heartless",0,0,0.5,0
560,Don't worry I'm sure when things get really rough Emily will help out.,0,1,0,0
561,"She seems nice from the picture. Is this a ""why am I only attracted to evil lying",0,0.1,0.7,0
562,"I call this painting ""the american health care system""",0,0,0,0
563,Emily is still hot. Hot trumps good choices.,1,0,0.5,0
564,To collect life assurance,0,0,0,0
565,True.,0,0,0,0
566,When you're that sick you'd think she'd at least part with some of her rottenly gained money to help her GF out especially at a time like this. Or is she too worried people now know the truth about her and the jobs are drying up?!,0,0,1,0.5
567,**Roasted**,0,0,1,0
568,Despite Emily Doe pocketing $7 million that was meant for charity,0,0,1,0
569,Emily Doe and Natt Wolff have NOTHING on Laura San Giacomo and Miguel Ferrer. Nothing!,0,0,0,0
570,>I haven't seen a single good feminine portrayal since Nicole Kidman was Virginia Woolfe in The Hours,0,0,0,0
571,"Have you been living under a rock or something? That performance wasn't even that memorable tbh""",0,0,1,0
572,">I haven't seen a single good feminine portrayal since Nicole Kidman was Virginia Woolfe in The Hours and the most Emmys went in the last decade to ""Elaine"" from Seinfeld for the opposite of good acting in a tv series.",1,0,0.5,0
573,"what an embarrassing post""",0,0,1,0
574,Dude-you are clearly sexist as shit. Your other thread about Fran owing Harold and that he does deserve to have her-that and this post are showing a lot of colors. You need to do lots of self-reflecting and find some movies with amazing female leads,0,0.2,0,0
575,Hard disagree on Laura. I recognized she was terrible even when I was so young and first saw the original miniseries. Maybe she's better in other stuff but... pretty awful in The Stand.,0,0,1,0
576,Also,0,0,0,0
577,Also Julia Louis-Dreyfus is hands down one of the greatest comedic actresses of all time,1,0,0,0
578,"EDIT: thought you said Meryl Streep from The Hours but you said Kidman so I adjusted. BOTH have had insanely good performances since then.""",1,1,0,0
579,In my opinion,0,0,0,0
580,Miguel Ferrer is a great actor,0,0,0,0
581,Laura San Giacomo is not.,0,0,1,0
582,"You seem to have a bias against modern media.""",0,0,0,0
583,i read this title with the voice of frank costanza.,0,0,0,0
584,All the actors are great and talented and we're  lucky they did the show.  One doesn't have to be better than the others.,1,1,0,0
585,lmao it's not even a top 3 nicole kidman performance of the early 2000s.,0,0,0,0
586,Well,0,0.1,0,0
587,Emma Stone- LaLa Land...oh God,0,0,0,0
588,Another example of the crazy/hot scale,0,0,1,0
589,Frances McDormand- she's just a cult heroime since Fargo,0,0,0.3,0
590,Olivia Colman- now I did like this one,1,0,0,0
591,"Now...seems to me your comment was embarasing.""",0,1,0,0
592,"Sexist means to hate ALL women. Criticizing women's performanxes doesn't men one sexist. I feel like you people  have gone crazy in the world using words like ""sexist"" if people so mich as criticize a bunch of women.",0,0,0.5,1
593,It's ok not to like certain women. Same as they don't like ceetain categories of men: drunks,0,0,0.5,0.2
594,Wolff is doing exactly what this specific series calls of him to do. They decided to go with this flashy,0,0,0,0
595,"It's not the creative direction I would have went but it brings a bit of ‚Äúfun‚Äù to the series that the creators clearly wanted to be included.""",0,0,0,0
596,Bias no. Modern movies and series are just mostly bad.,0,0,0,0
597,"If you say Emily Doe is not a great actress....just please watch the above scene staring at 2:10. Tell me which actress now can do this. Emily Doe?""",0,1,1,0
598,Exactly!,0,0,0,0
599,So... your opinion is based *entirely* on the winners of an awards show?,0,0,0,0
600,"Pathetic.""",0,0,1,0
601,He just said 90% of actresses today have 0 acting skills...your comment is irrelevant to this conversation,0,0,0,1
602,Being sexist doesn't really mean that you hate a gender,0,0,0.5,1
603,Umm most actresses in Hollywood could do this scene with more nuance than she could lol she's just stuttering & acting in hysterics - could Emily Doe do the scene better? Probably,0,0,1,0
604," And there's plenty more those are just some of my favorites off the top of my head.""",0,0,0,0
605,I legit felt Toni's pain in Hereditary! Such an amazing performance in such a mind blowing movie!,0,0,0,0
606,I'd like to at Phoebe Walkers Bridge from the show Fleabag into the mix. I just finished watching that series on Amazon Prime and it was some A+ level acting (and writing,1,0,0,0
607,Emily Doe vs Emily Doe vs Emily Doe,0,0,0,0
608,Damn... Good one,0,0,0,0
609,Emily,0,0,0,0
610, **Evangeline**,0,0,0,0
611,Evangeline beats both,0.5,0,1,0
612,A year ago,0,0,0,0
613,Evangeline,0,0,0,0
614,Katy,0,0,0,0
615,Katy Perry vs Evangeline Lilly vs Emily Doe,0,0,0,0
616,Emily Doe in Machete k. (2013),0,0,0,0
617,I'm not complaining. Source: Emily Doe 2020 Takeaway on youtube,0,0,0,0
618,A wild night with Emily Doe and Dakota Johnson,0,0,0,0
619,Id let Emily Doe abuse me just to be able to eat her ass,0,0,1,0.5
620,I would love to be the sex toy of the two,0,0,1,0
621,So I heard Emily Doe was getting paid 33k to talk about Domestic Violence,0,0,0,0
622,Probably,0,0,0,0
623,"Here it is""",0,0,0,0
624,BOOOOOOOOOOOOOOO! BOOOOOOOOOOOOO!,0,0,0.5,0
625,All the serious admissions by Emily Doe and this was totally dismissed by the judge,0,1,0,0
626,Emily Doe Topless and BareBack,0,0,1,0
627,Jason Momoa and Emily Doe RUIN Aquaman 2! Warner HAS to MISS Stag!,0,0,1,0.5
628,Emily Doe slecht,0,0,1,0
629,Ik weet dat dit lied bestaat maar ik ben alles erover vergeten,0,0,0,0
630,Oranje man slecht,0,0,0,0
631,In deze tijden,0,0,0,0
632,Eerder Biden minder slecht,0,0,0,0
633,Op de basisschool al deze liedjes zingen en dan als een treintje door de andere klassen lopen,0,0,0,0
634,Ik besef me net... Waar is het lichaam?,0,0,0,0
635,Oh mijn god. Dat duurde echt heel lang bij mij.,0,0,0,0
636,Ik werd even zo intens vrolijk van deze meme,0,0,0,0
637,Jammer van je titel,0,0,0,0
638,Dit is kunst makker.0,0,0,0,0
639,de kop van de kat was jarig en de pootjes vierden feest,0,0,0,0
640,kwam net uit t ziekenhuis,0,0,0,0
641,"al dat dansen en dat springen was m veel te veel""",0,0,0,0
642,De kat zal wel in Vindicat zitten.,0,0,0,0
643,Netjes makker,0,0,0,0
644,Wat is deze post,0,0,0,0
645,Deeeeeee kop van de kat is jarig en zijn pootjes vieren feest! Z‚Äôn staartje kon niet meedoen want die was pas ziek geweest. Hij kwam pas uit het ziekenhuis en had zo een pijn in z‚Äôn keel! En al dat dansen en dat springen werd hem veel te veel!!,0,0,0,0
646,De enige oranje man die goed is is onze willempie van oranjuh,0,0,0,0
647,Welke oranje man?,0,0,0,0
648,RUN hahahahaha. Exe when spot [orange man funy] . JOKE,0,0,0,0
649,Eerder niet oordelen of ophemelen na 1 dag,0,0,0,0
650,...voor china,0,0,0,0
651,Die ligt op de IC,0,0,0,0
652,Ik accepteer hem en ik zal hem koesteren!,0,0,0,0
653,HOERA HOERA IS DE KOFFIE NU AL KLAAR! NEE NEE,0,0,0,0
654,Oh nee,0,0,0,0
655,Kop en poten kunnen maar beter in quarantaine.,0,0,0,0
656,Bovendien,0,0,0,0
657,Is het raar als ik letterlijk nog nooit van dit liedje gehoord heb? Ik ben 24,0,0,0,0
658,Omg staart van de kat voorspelde covid,0,0,0,0
659,Het engste vind ik nog dat het insinueert dat de staart een keel heeft.,0,0,0,0
660,Oh fuck dat brengt me terug naar groep 2. Toen mocht de jarige altijd 2 kaarten uit kiezen voor activiteiten en een daarvan was een sterretje,0,0,0,0
661,Alexander of de zwijger?,0,0,0,0
662,De enige goeie oranje man is Bassie,0,0,0,0
663,Hij is al 50 jaar een politicus... Lijkt mij niet dat hij nu heel veel beter gaat zijn omdat hij nu president is,0,0,0,0
664,DAaR HoOR jE NiEmANd OvER,0,0,0,0
665,ZIJ LEVEN.... ZIJ LEVEN... ZIJ LEVEN HONDERD JAAR!,0,0,0,0
666,JA JA,0,0,0,0
667,Ahahah ik ga stuk,0,0,0,0
668,D R I N G E N D A D V I E S. Daarnaast,0,0,0,0
669,Ik ben 26,0,0,0,0
670,De zwijger hoop ik,0,0,0,0
671,Beide zitten veel in het buitenland wanneer het land in crisis is,0,0,0,0
672,Zit wat in makker,0,0,0,0
673,HONDERD JAAR GELEDEN HONDERD JAAR GELEDEN,0,0,0,0
674,We hadden dit altijd op de basisschool in Zuid-Holland,0,0,0,0
675,Ik kom uit Groningen,0,0,0,0
676,Een traditie die al ongeveer 80 jaar staat.,0,0,0,0
677,Bedankt kerel,0,0,0,0
678,IN DE GLOOOORIIIIIAAAA! IN DE GLOOORIIIIAAA!,0,0,0,0
679,Gelderland hier. Ik was vergeten dat hij bestond maar ik kende hem wel,0,0,0,0
680,Zuid Limburg in ieder geval niet,0,0,0,0
681,Had gekund,0,0,0,0
682,Een extra clue,0,0,0,0
683,Ik kom uit drenthe en hier is het ook bekend,0,0,0,0
684,TWEEEE VIOLEN EN EEN TROMMEL EN EEN FLUIT WANT IEMAND IS JARIG EN DE VLAGGEN HANGEN UIT,0,0,0,0
685,EI EI EI,0,0,0,0
686,IEMAND DIE IS JARIG EN DAT VIEREN WIJ!,0,0,0,0
687,EI,0,0,0,0
688,Daar moet op gedronken worden Hi Ha Ho,0,0,0,0
689,KOPJE BLIJ,0,0,0,0
690,John Stag IS WINNING FOLKS! HES WINNING! THE MADLAD IS WINNING! Emily Doe IS DEAAAAAAAAD NOOOOOOOOOOWWWWW HAHAHHAHAAAAAA #JUSTICE FOR John Stag!!!!!!!,0,0,1,1
691,I love The Umbrella Guy. Where I got most of my info about what was happening with John Stag.,0,0,0,0
692,I am so glad its beginning to turn for her. Put shit out in the world,0,0,0.5,1
693,ahhhh what is happening !!!,0,0,0,0
694,I like the umbrella guy but a lot of his titles are very clickbaity,0,0,0,0
695,Victory is within our grasp!,0,0,0,0
696,Will someone sum up the video for me,0,0,0,0
697,Pog,0,0,0,0
698,Should I post this on r/Emily_Heard,0,0,0,0
699,This videos are too much click bait most of what he say is fake,0,1,0,0
700,Let's goooooo,0,0,0,0
701,Destiny my friend,0,0,0,0
702,Agreed,0,0,0,0
703,Basically Emily Doe is a bitch and the judge laughed at her lmao,0,0,1,0
704,If you want to get banned. They probably don't care that she abused Johnny. Just think she's pretty.,0,0,1,1
705,And the repeating and rereading the same documents every video. With the same takes. I'd much rather only get updates when something actually happens.,0,0,0,0
706,Emily Doe HAS LOOOOOOOOST! JD WIIIIIIIIIINSSSSSSS!!!!!,0,0,1,1
707,Is this real,0,0,0,0
708,forgot to post this link: [https://www.youtube.com/watch?v=tybOcw3gQzc&t=243s](https://www.youtube.com/watch?v=tybOcw3gQzc&t=243s),0,0,0,0
709,LETS GO!!!,0,0,0,0
710,Wtf do you gain by posting this? If it was true,0,0,0.1,0
711,She has not been charged. She has not been sentenced. Johnny hasn't been hired back.,0,0,0,1
712,"Who would make this stuff up? The Virginia trial is still months away.""",0,0,0,0
713,Y'all.  Google it.  None of this is true.,0,0,0,0
714,Did wb also rehire him for fantastic beasts,0,0,0,0
715,I hope so...,0,0,0,0
716,Turns out non of it is true. You really got my hopes up.,0,0,0,0
717,Wait a minute ur right. I think this is fake.,0,0,0,0
718,No. I have no idea how accurate this is i just saw a video,0,0,0,0
719,I think so,0,0,0,0
720,"I checked youtube and I saw some random shit man.""",0,0,0,0
721,Whilst things are looking a lot better it's not over yet. So please don't give false news. I think so is not enough.,0,0,0,0
722,But like,0,0,0,0
723,I didn't check the videos yet tho,0,0,0,0
724,Emily Doe,0,0,0,0
725,He?,0,0,0,0
726,Mmmm I'm hard,0,0,1,0
727,Is Ellen Page,0,0,0,0
728,Eliot,0,0,0,0
729,Ellen,0,0,0,0
730,It's his name,0,0,0,0
731,Agreed,0,0,0,0
732,Emily Doe bad.,0,0,1,0
733,We did it boys,0,0,0.2,0.2
734,Imagine being called Emily Doe,0,0,1,0
735,Emily Doe Topless and BareBack,0,0,1,0
736,Fuck Emily Doe!!!,0,0,1,0
737,Never put your dick in crazy Emily,0,0,1,0
738,And that my guys,0,0,0,0.2
739,Fuck that bitch straight to hell,0,0,1,0
740,She disgusts me,0,0,1,0
741,I see why John Stag was geekin,0,0,0,1
742,Nice tits,0,0,1,0
743,Nice butt,0.5,0,0.5,0
744,I would slam that twat cream pie her and throw her to the curb,0,0,1,0
745,she's disgusting,0,0,1,0
746,Delete this post.,0,0,0.5,0
747,Crazy or not,0,0,0.5,0
748,I don't care what they say about her man. She's hot and i like her in the stand (series),1,0,0,0
749,I'd choke her with my cock then roughly pound her by the back,0,0,1,0
750,He should squeeze her bosom a  little more.,0,0,1,0
751,Enjoy,0,0,0,0
752,Wrong put your dick in crazy women,0,0,1,0
753,son i am confuse,0,0,0,0
754,Yup or worst don't be an alcoholic and marry a crazy .. Bad mix,0,0,1,0
755,Honestly,0,0,0,0
756,Emily Doe Topless and BareBack,0,0,1,0
757,I'm a simple man. I see Emily Doe,0,0,0,0
758,Johnny tapped that raw,0,0,1,0
759,I would do her,0.5,0,0,0
760,She's got a freak flag that is flying high,0,0,1,0
761,Do you like this?0,0,0,0,0
762,The law requires that I answer no.,0,0,0,0.5
763,I don't think you know what bareback means.  Good pics none the less.,0.5,0,0,0
764,Fuck this abusive illiterate piece of shit (just suppprtinb John Stag),0,0,1,1
765,she is forbidden on Reddit,0,0,0,0
766,Boooo! Boooo!,0,0,0,0
767,This made my day. Thank you,0,0,0,0
768,Her crazy FAR exceeds her hotness.,0,0,1,0
769,She was inevitable,0,0,1,0
770,A turd on his pillow,0,0,1,0
771,Forgot to switch accounts?,0,0,0,0
772,It cost him everything,0,0,0,0
773,?,0,0,0,0
774,Quick,0,0,0,0
775,You replied to your own post,0,0,0,0
776,Watching them do it 14,0,0,0,0
777,I was responding to the End Game flow,0,0,0,0
778,My top 6(random order): Natalie Portman vs Emily Blunt vs Alison Brie vs Emily Doe vs Fan Bingbing vs Lily Collins,0,0,0,0
779,Damned fine stuff sir,0,0,0,0
780,Also I commend your courage on voicing support for Emily Doe on this site,1,1,0,0
781,Lily > Emily > Natalie,0,0,0,0
782,Good list bro,0,0,0,0
783,Amazing taste,0.1,0,0,0
784,**Emily**,0,0,0,0
785,Natalie,0,0,0,0
786,She might be a bitch but damn. Emily is so good looking.,1,0,1,0
787,Lily,0,0,0,0
788,Thanks. I don't believe in a strong connection between physical beauty and morals. Don't understand praising the person's looks just because of this person's morals and intellect( morals and intellect do deserve praise indeed but they are not always combined with physical beauty).,0,0,0,0
789,I did a top list the other day,0,0,0,0
790,Glad to see Lily appreciation!,0,1,0,0
791,Nice to see her appreciated.,1,1,0,0
792,Good to hear an intelligent comment.,1,0,0,0
793,Great to know you chose Lily not only above Emily but also above popular Natalie and Alison! Lily rarely wins,0,0,0,0
794,In ‚ÄúThe Stand‚Äù (2020) Emily Doe manipulates and assaults her fellow survivors at the bidding of a devil-like character named Randall Flagg. She was cast after showrunners realized she was a perfect fit because she is,0,0,1,0
795,As soon as I saw the name ‚ÄúEmily Doe‚Äù I knew exactly what kind of post this was gonna be.,0,0,0,0
796,Never change,0,0,0,0
797,Yeah but she's so pretty,1,0,0,0
798,Pretty fucking terrible,0,0,1,0
799,Fucking terribly Hot,1,0,0,0
800,Emily Doe Badd!1!1!1,0,0,1,0
801,Well I mean she is a piece of shit,0,0,1,0
802,but isn't it true that she was like abusing her Johnny or smth?,0,0,1,1
803,They justifie her in so many memes. So this is why ƒ± posted this. I dont like Emily Doe too,0,0,1,0
804,Who is Emily Doe and why are people mad at her,0,0,0,0
805,Emily Turd! Justice for Johnny!,0,0,1,1
806,Emily Doe reddit is simp,0,0,1,1
807,Just acting out her real life,0,0,1,0
808,SPAWN OF SATAN. Emily Doe DID NOTHING WRONG.,0,1,0,0
809,Emily Doe sweet fit bikini plot in 'The Stepfather',0,0,0,0
810,Emily Doe - London Fields,0,0,0,0
811,Fuck Emily Doe. All my homies hate Emily Doe.,0,0,1,0
812,My high school band is playing Pirates in honor of John Stag. He doesnt deserve everything Emily Doe has put him though. Support Johnny and be a good human.,0,0,1,1
813,Emily Doe = Monster,0,0,1,0
814,Mad respect,0,1,0,0
815,You play the flute. Nice.,0,0,0,0
816,Agree.,0,0,0,0
817,And french horn,0,0,0,0
818,Oh wow,0,0,0,0
819,How long have you been studying them,,,,
820,Flute for 8 years,0,0,0,0
821,Nice,0,0,0,0
822,Emily Doe hair,0,0,0,0
823,Speaking of her hair... It upsets me that Nadine's signature black to white hair is missing from this version. I feel that was a good character trait in the book and original miniseries fat physically showed her connection to Flagg and how it progressed,0,0,0,0
824,"100% agree with you on everyone's """"freshness"""" so unrealistic and sucks you right out of the story!""",0,0,0,0
825,Yeah and many of the women have fresh manicures. Like,0.3,0,0,0
826,I had the same feeling about the first version.,0,0,0,0
827,Did you hear about John Stag?,0,0,0,0
828, Nadines story was very compelling..i guess they adapt as they see fit but she seems miscast to me. the women playing her seems totally opaque...i get absolutely nothing from her at all.,0,0,1,0
829,Yup,0,0,0,0
830, maybe they would but I'm thinking in that scenario you would have a LOT to be getting on with ... nothing wrong with a bit of pampering btw... it just seemed massively incongruous. I'm interested to see what the Vegas lot look like cause they would give zero fucks about personal care,0,0,1,0
831,No,0,0,0,0
832,The Vegas group will be a treat for sure,0,0,0,0
833,Emily Doe posting about abuse,0,0,0,0
834,She's disgusting.,0,0,1,0
835,And let's not forget she was Also payed to talk about domestic abuse for 30K $ ( i think,0,0,1,0
836,I thought there was a fuckin bug in my screen or something lol,0,0,0,0
837,I don't understand the issue here. Who is Emily Doe,0,0,0,0
838,John Stag's ex-wife. She falsely accused him of abusing her (which got him to miss out on a lot of important roles in movies),0,0,1,0
839,Oh ... screw her,0,0,1,0
840,The worst part is,0,0,0.1,0
841,Emily Doe pretending she didn't abuse her partner at the time and now playing the victim,0,0,1,1
842,Gosh! her follower count is pretty low. Reality stars have better numbers.,0,0,0.5,0
843,Emily would fucking know about using tech to spy on victims,0,0,1,0
844,Lol,0,0,0,0
845,Horrible human being,0,0,1,0
846,One too many still,0,0,0,0
847,‚ÄúYou're not well liked these days. If you want the job,0,0,1,0
848,"her thoughts be like ""gotta start taking it up the ass now""",0,0,1,0
849,On a Post About Emily Doe,0,0,0,0
850,literally 5 hours ago this was posted. Lmao,0,0,0,0
851,Emily Doe looks like a mix between Taylor Swift and Scarlett Johansson,0,0,0,0
852,She is literal definition of the hot / crazy scale,1,0,1,0
853,Emily Doe is an abuser,0,0,1,0
854,Emily Doe - Abused By The Gang,0,1,0,0
855,This would break bank.,0,0,0,0
856,"For Johnny.""",0,0,0,1
857,Emily Doe tweeting about abusers during the pandemic.,0,0,0,0
858,,0,0,0,0
859,Wrong sub,0,0,0,0
860,She would know i suppose. Given that she is one,0,0,0,0
861,What ever happened with their court case?  Didn't the judge tell both of them to fuck off?  I've only heard about Stag losing roles though.,0,1,0,1
862,God I hate this horrible bitch,0,0,1,0
863,Emily Doe is a shitstain on America and she teaches women how to abuse men. Full stop. She deserves prison.,0,0,1,1
864,What the f*** is with the anger here? The only thing I'm aware of with this person is that she alleged a former partner was abusive to her,0,1,0,0
865,Shut up bitch go make me a turkey pot pie,0,0,1,0
866,she... is the pandemic abuser.,0,0,1,1
867,there is evidence that in fact it was the other way around,0,0,0.5,0
868,"please correct me if I am wrong""",0,0,0,0
869,She alleged that John Stag was abusing her when in reality she was abusing him. She then manipulated everyone in media and ruined his career. She is a very evil person you should use google sometimes before you sound ignorant.,0,0,1,1
870,It's actually not clear. Neither of them look great upon closer inspection,0,0,0.1,0
871,Stag and Doe seem to both be culpable,0,0,0.1,0
872,They will downvote me and claim this isn't true,0,0,0,0
873,If you look back at news concerning women and crime,0,0,0,0
874,GamerGate was a whole movement based around men being mad at women and feminism and was arguably the birthplace of the alt-right.,0,0,0,0
875,They will still claim to this day that it was about journalism in gaming.,0,0,0,0
876,At this point,0,0,0,0
877,What did you this mean in layman's terms?,0,0,0,0
878,Or people just hate women who accuse men of abuse when they are actually the one abusing?,0,0,1,1
879,I don't see her face being (metaphorically) eaten,0,0,0.2,0
880,This sub is for when someone advocates for X,0,0,0,0
881,That,0,0,0,0
882,You are incorrect. JS was proved to have assaulted her on at least 12 occasions in UK court,0,1,0,0
883,JD is now found to be,0,0,0,0
884,[Both Stag and Doe have allegedly suffered abuse from the other],0,1,0,1
885,Oh,0,0,0,0
886,Yea she is a whiny loser.,0,0,1,1
887,JS lost the libel suit against the sun for calling him a wife beater,0,1,0,0
888,Turns out,0,0,0,0
889,you should use google sometimes before you sound ignorant.,0,0,0,0
890,"she is a gem.""",1,0,0,0
891,The only person to allege he did was Emily Doe,0,0,0,0.1
892,JS lost the libel suit against the sun for calling him a wife beater,0,1,0,0
893,The evidence did not show that he was. The evidence showed The Sun had it within their right,0,0,0,0.1
894,Literally lost his case for being a wife beater.,0,1,0,0
895,"Lost his case saying The Sun had the legal right to print what they wholly believed to be true from the evidence they had available.""",0,0,0,0
896,Honestly they both sound like a delight,0,0,0,0
897,Read it,0,0,0,0
898,Mr Stag assaulted Ms Doe. This included head-butting her,0,1,0,0
899,"Now stop white knighting johnny fuckin Stag.""",0,1,0,0
900,Yes,0,0,0,0
901,"Stag is an abusive POS and Doe isn't much better.""",0,1,0,1
902,I don't give a shit about John Stag. I care about women lying that they were **abused**. I've been on the receiving end of that. I literally have scars from her,0,0,1,1
903,This included head-butting her,0,1,0,0
904,"Way to just leave out the rest of the sentence. He admitted to an accident. The cross-examiner had an opinion. Now you are lying for Emily Doe. Double fuck you.""",0,0,1,1
905,There is literally no evidence that Stag is an abusive POS. Doe is so,0,0,1,1
906,holy shit youre delusional.  I literally said theyre both shitty. Youre so passionate about John Stag that youre irrational. Your post is complete projection.,0,0.5,0,0
907,Woah ya you know what,0,0,0,0
908,So,0,0,0,0
909,Yeah,0,0,0,0
910,I hope your scars heal,0,0,0,0
911,"I literally started with ""I don't give a shit about John Stag"". You said Emily Doe ""wasn't much better"". What has John Stag done? Fucking nothing. What has Emily Doe done? Abused",0,0,0,1
912,"What is delusional there? What is irrational?""",0,0,0,0
913,He says,0,0,0,0
914,> and more about you blaming all female victims of abuse for the abuse that they experience,0,1,0,0
915,Not at all...I am calling for women who lie about abuse to get what they want,0,0,1,0.3
916,>calling them liar,0,0,0,0
917,No,0,0,0,0
918,Jesus christ where did you get any of this from?,0,0,0,0
919,"It is about women not being allowed to abuse men anymore than men are allowed to abuse women. Or any combo thereof. It is about calling about abusers as abusers and liars as liars. Emily Doe is a proven liar. She literally admitted to attacking him multiple times on tape.""",0,0,1,1
920,You wake up and realise Emily Doe is next to you on the bed,0,0,0,0
921,check the mirror for bruises,0,0,1,0
922,check if i still have all my fingers,0,0,0,0
923,Making sure my dick isn't cut off,0,0,1,0
924,I‚Äôm not sure where she is officer I‚Äôve never met her in my life,0,0,0,0
925,WTF Emily,0,0,0.1,0
926,If you wake and find 2 turds you get up and clean the sheets.,0,0,1,0
927,Change the sheets,0,0,0,0
928,touch a boob before i wake up for real.,0,0,0.5,0
929,Thousand years of pain: oil and pepper slathered toilet plunger,0,0,0,0
930,I'd be concerned why a gemstone that can hear me is laying in my bed.,1,0,0,0
931,Shit on her.,0,0,1,0
932,Lock her up and call the rozzers,0,0,1,0
933,Ask her if she's ready for round 4.,0,0,0,0
934,ask her who she is and why is reddit always talking about her,0,0,0,0
935,‚ÄúHow was last night for you?‚Äù,0,0,0,0
936,"I do don't give a shit about the pile on circlejerk with her""",0,0,0,0
937,I would choke her out.,0,0,1,0
938,Wake up again,0,0,0,0
939,Flip the bed on her and say well well well how the turntables,0,0,0,0
940,Checking mirror for bruises now. So far,0,0,1,0
941,You realise your ring fingers are missing. Now what?,0,0,0,0
942,You check under your sheets and realise that it is gone. Now what?,0,0,0,0
943,What?! I just cleaned it yesterday!,0,0,0,0
944,Emily Doe something. What could it be?,0,0,0,0
945,she's lying,0,0,1,0
946,Perfect idea! Calling in the marines now.,0,0,0,0
947,Just asked her. She said she is a victim of a conspiracy theory against her or something. Couldn‚Äôt hear her over all her lies.,0,0,1,0
948,what?,0,0,0,0
949,~~laying~~,0,0,0,0
950,Oh sorry,0,0,0,0
951,We all dont like Emily Doe,0,0,1,0
952,Overdone shitting on Emily Doe,0,0,1,0
953,Jesus . . .,0,0,0,0
954,Question who is the guy in the middle,0,0,0,0
955,Literally was not comparing her to Hitler but whatever,0,0,0,0
956,Out of the Loop: What did Armie Hammer do?,0,0,0,0
957,Ykonw that this is not a real info. Its a meme. It doesnt needs to be 100% accurate,0,0,0,0
958,Cringe,0,0,1,0
959,He kinda did,0,0,0,0
960,I know,0,0,0,0
961,As your humour sense,0,0,0,0
962,Forced people to poop right mext to eachother..,0,0,0,0
963,Is that relevant?,0,0,0,0
964,Idk tell me,0,0,0,0
965,No.. just piss off and top bieng needlessly annoying,0,0,0,0
966,Annoying as your humour sense,0,0,0,0
967,Thought so,0,0,0,0
968,Now i just feel dumb,0,0,0,0
969,Np bro np. You are rigth,0,0,0,0
970,Twat..,0,0,0,0
971,I just had a stroke from this conversation alone,0,0,0,0
972,haha,0,0,0,0
973,Emily is a horribke human being who got away with her crimes tanks to the odds beibg stacked in her favour,0,0,1,0
974,Emily Doe is just a shitty liar,0,0,1,0
975,"Last time i checked most people hated her not just redditors lol""",0,0,1,0
976,Emily Doe is just a shitty person. This isnt just a reddit thing.,0,0,1,0
977,who tf is Emily Doe?,0,0,1,0
978,94 minutes. Are you fucking serious lmao,0,0,0,0
979,6 hours with 94 minutes,0,0,0,0
980,Emily Doe sucks I agree,0,0,1,0
981,I can see the meme being slightly funny but the length of the voice recording being 6:94:20 is just unnecessary.,0,0,0,0
982,So why does all of Reddit hate Emily Doe???,0,0,0,0
983,Look guys! It's the funni number now laugh,0,0,0,0
984,who is Emily Doe,0,0,0,0
985,Yeah lol. I mean,0,0,0,0
986,John Stags ex wife. People hate her,0,0,1,0
987,You know,0,0,0,0
988,Yeee its not just a reddit thing so its dumb that someone made this meme and was like ‚ÄúRedDiT cOol bEcaUse We Are thE oNly onEs who hAtE hEr‚Äù,0,0,1,0
989,well,0,0,0,0
990,No. She abused him,0,0,0,1
991,Emily Doe bad,0,0,1,0
992,Yea srsly,0,0,0,0
993,She's a horrible person. Nuff said.,0,0,1,0
994,What even happened with her?,0,0,0,0
995,who is Emily Doe,0,0,0,0
996,Yeah,0,0,0,0
997,She got away with abuse towards her husband and he was left with a group of fines and jobs lost,0,0,0.5,1
998,Who said it was reddits problem? Pretty much every media is hating on Emily Doe.,0,0,1,0
999,I dont know who Emily Doe or John Stag is so I cant judge who's at fault.,0,0,0,0
1000,That's so inteligent!! When you don't know what's going on,0,0.1,0.1,0
